Značka piva;Země původu;Počet;Značka piva;Země původu;Počet;
11° Adelaide;Česká republika;1;Bakalář 11°;Česká republika;23;
11° AK47;Česká republika;1;Bakalář 11° Černovar Černé;Česká republika;2;
11° Děčíňák;Česká republika;2;Bakalář 11° Polotmavý;Česká republika;1;
13° Golden Gate;Česká republika;1;Bakalář 12°;Česká republika;1;
AC/DC;Německo;1;Bakalář 12° Za studena chmelené;Česká republika;1;
Affligem Blond;Belgie;1;Bakalář 14° Medový speciál;Česká republika;2;
Albrecht 10°;Česká republika;5;Baltika 0 Non-Alcoholic;Ruská federace;1;
Albrecht 12° Kateřina Tmavé;Česká republika;3;Baltika 0° Granát;Ruská federace;1;
Albrechtický pivovar 11° Pankáč;Česká republika;1;Baltika 0° Grapefruit;Ruská federace;1;
Aldersbacher Klosterhell;Německo;1;Baltika 3 Classic;Ruská federace;1;
Aldersbacher Urhell;Německo;1;Baltika 5 Golden Lager;Ruská federace;1;
Aldersbacher Ursprung;Německo;1;Baltika 7 Premium;Ruská federace;1;
Alhambra Premium;Španělsko;6;Baltika 9 Extra;Ruská federace;1;
Alster;Německo;1;Baltika Kuler;Ruská federace;1;
Aluda Pale Ale;Česká republika;1;Bankov 14°;Slovensko;1;
Amálka 11 °;Česká republika;1;Baran 12 światly;Polsko;1;
Ambrosius 10°;Česká republika;4;Bavaria;Nizozemsko;6;
Amstel Lager;Nizozemsko;2;Beamish;Irsko;1;
Amstel Pilsener;Nizozemsko;3;Bear Beer IPA;Dánsko;1;
Antoš 10° Slánský Rarach;Česká republika;1;Bear Beer Stout;Dánsko;1;
Antoš 11,8° Antošův Ležák;Česká republika;1;Bear Beer Wheat;Dánsko;1;
Antoš 13° Polotmavé;Česká republika;1;Beck's;Německo;3;
Antoš 13° Raspberry Porter;Česká republika;1;Beck's Gold;Německo;1;
Antoš 13° Rose Gose;Česká republika;1;Beczkowe Mocne 9% Wiśnia;Polsko;1;
Antoš 13° Whisky lager;Česká republika;1;Běleč 13° Carevna;Česká republika;1;
Antoš 15° Coll me Jack Daniels Stoud;Česká republika;1;Beránek 13° polotmavý;Česká republika;11;
Apatinsko;Srbsko;2;Berea Casei;Rumunsko;1;
Argo lager;Gruzie;1;Berliner Pilsner;Německo;1;
Argus 0% Nealko;Česká republika;1;Bernard 0% Free;Česká republika;1;
Argus 10°;Česká republika;3;Bernard 0% Jantar Free;Česká republika;1;
Argus 11° Bitter;Česká republika;1;Bernard 0% Švestka;Česká republika;1;
Argus 11° Granát;Česká republika;1;Bernard 0% Višeň;Česká republika;1;
Argus 11° Premium;Česká republika;1;Bernard 10°;Česká republika;1266;
Argus 16° Strong;Česká republika;1;Bernard 10° Nefiltrované;Česká republika;3;
Argus Gold;Polsko;1;Bernard 11°;Česká republika;68;
Argus Grep;Polsko;3;Bernard 11° Bezlepkový Ležák;Česká republika;1;
Argus Lager 5%;Česká republika;1;Bernard 11° Jantarový ležák;Česká republika;1;
Argus Lemon;Polsko;16;Bernard 11° Nefiltrované;Česká republika;7;
Argus Maestic;Česká republika;1;Bernard 11° Polotmavý;Česká republika;2;
Argus Malina Limetka;Česká republika;7;Bernard 11? Kvasnicový Ležák;Česká republika;1;
Argus Nepasterované;Česká republika;1;Bernard 12°;Česká republika;27;
Argus Premium;Polsko;1;Bernard 12° Černé;Česká republika;1;
Arnoštova Hořká 10;Česká republika;6;Bernard 12° Jantarový ležák;Česká republika;2;
Arrig? 11° Exclusive;Česká republika;1;Bernard 12° Nefiltrovaný ležák;Česká republika;1;
Asahi Super Dry;Japonsko;1;Bernard 13° Speciální černé pivo;Česká republika;4;
Astra Rotlicht;Německo;2;Bernard 14°;Česká republika;1;
Augustinerbräu Edelstoff;Německo;1;Bernard Bohemian Ale;Česká republika;1;
Augustinerbräu Lagerbier Hell;Německo;1;Berounský Medvěd 11°;Česká republika;1;
B13 Dark 5,5%;Rumunsko;1;Berounský Medvěd 11° Polotmavý medový;Česká republika;1;
B13 Lager 5,3%;Rumunsko;1;Berounský Medvěd 13°;Česká republika;1;
B13 Pils 4,5%;Rumunsko;2;Berounský medvěd 15° Lord;Česká republika;1;
Bad Flash 10°;Česká republika;1;Bertold 10°;Česká republika;29;
Bad Flash 12° Prostě ležák;Česká republika;1;Bertold 11°;Česká republika;1;
Bakalář 0% Za studena chmelený;Česká republika;1;Beskydský pivovárek 12° Višňový ležák;Česká republika;1;
Bakalář 10°;Česká republika;6;Beznoska 12°;Česká republika;1;
Bakalář 10° Pražačka;Česká republika;1;Beznoska 13° Dutej jak dýně;Česká republika;1;
Bakalář 10° Řezané Výčepní;Česká republika;1;Beznoska 14° Likvidátor;Česká republika;1;
Bakalář 10° Tmavé;Česká republika;1;Beznoska 9° Chmelová;Česká republika;2;
Značka piva;Země původu;Počet;Značka piva;Země původu;Počet;
Bia Saigon Lager;Vietnam;1;Bruncvík nealkoholické;Česká republika;1;
Bingo Mango-Limetka;Česká republika;2;Bruncvík polotmavý ležák;Česká republika;3;
Birell 0% Citronáda;Česká republika;6;Bruncvík Premium lager beer Ležák;Česká republika;1;
Birell 0% Červený pomeranč;Česká republika;4;Břeclav 10° Delegát;Česká republika;2;
Birell 0% IPA;Česká republika;1;Břeclav 10° Kanec;Česká republika;1;
Birell 0% Jablko;Česká republika;1;Břeclav 11° Kanec Hořký;Česká republika;1;
Birell 0% Limetka & malina;Česká republika;9;Břeclav 12° Kanec;Česká republika;4;
Birell 0% Malina;Česká republika;5;Břeclav 12° Kanec polotmavý;Česká republika;1;
Birell 0% Mandarinka;Česká republika;1;Břevnovský Benedict 11 nachmelený;Česká republika;1;
Birell 0% Polotmavý;Česká republika;2;Břevnovský Benedict 11° Tmavý ležák;Česká republika;1;
Birell 0% Polotmavý citron;Česká republika;2;Břevnovský Benedict 12°;Česká republika;1;
Birell 0% Pomelo & Grep;Česká republika;41;Břevnovský Benedict 15° Klášterní IPA;Česká republika;1;
Birell 0% Višeň & Ostružina;Česká republika;13;Březí Koza 12°;Česká republika;1;
Birell 0% Zelený ječmen;Česká republika;1;Březňák 10°;Česká republika;705;
Birell Borůvka & Brusinka;Česká republika;4;Březňák 10° Tmavý;Česká republika;2;
Birell Hruška & Kdoule;Česká republika;4;Březňák 11°;Česká republika;172;
BirGo Citron Limetka;Česká republika;13;Březňák 12°;Česká republika;7;
BirGo Grapefruit;Česká republika;16;Břízkova 11° (Permon);Česká republika;1;
BirGo Malina Ostružina;Česká republika;1;Bucur Blonda;Rumunsko;1;
Birra Elbar;Albánie;1;Budějovický Budvar 10°;Česká republika;666;
Birra Moretti;Itálie;3;Budějovický Budvar 10° Redix;Česká republika;1;
Birra Tirana;Albánie;1;Budějovický Budvar 11° Budvar 33;Česká republika;42;
Biskupský pivovar polotmavý speciál 13°;Česká republika;3;Budějovický Budvar 12°;Česká republika;33;
Biskupský pivovar U sv. Štěpána 10° Vikář;Česká republika;12;Budějovický Budvar 12° Kroužkovaný;Česká republika;4;
Biskupský pivovar U sv. Štěpána 11° Děkan;Česká republika;1;Budějovický Budvar 12° Tmavé;Česká republika;9;
Biskupský pivovar U sv. Štěpána 12° Štěpán;Česká republika;3;Budějovický Budvar Na Pool;Česká republika;1;
Biskupský pivovar U sv. Štěpána 13° Polotmavý speciál;Česká republika;1;Budvar Opičí Ejl;Česká republika;1;
Bitburger Pils;Německo;1;Buchťák 11° Buchťák na pomeranči;Česká republika;2;
Blue Moon Belgian White;Spojené státy;1;Buchťák 11° Višeň;Česká republika;1;
Bofferding;Belgie;1;Buchťák 11° Zahořklej Buchťák;Česká republika;1;
Bohemia 11°;Česká republika;1;buchťák ležák 12;Česká republika;1;
Boon Kriek;Belgie;1;Butcher's Tears Broomrider;Nizozemsko;1;
Born 10° Jezdec APA;Česká republika;1;Carlsberg Elephant;Dánsko;1;
Born 11° Střelec pšenice;Česká republika;1;Carlsberg Export;Dánsko;1;
Born 12° Dáma APA;Česká republika;3;Carlsberg Lager;Dánsko;14;
Born 12° Král;Česká republika;3;Césu light;Lotyšsko;6;
Born 14° Věž IPA;Česká republika;1;Ciuc 12°;Rumunsko;4;
Born 8° Osmička;Česká republika;1;Ciucaş;Rumunsko;7;
Born Garde Neipa 13°;Česká republika;2;Clock 11° Glee Gluten Free Pale Ale;Česká republika;1;
Bornem Dubbel;Belgie;1;Clock 15° Zlaté prasátko 2022 Kveik IPA;Česká republika;2;
Bornem Triple;Belgie;1;Cobolis 10° Předák;Česká republika;1;
Borsodi Bivaly;Maďarsko;4;Cobolis 12° Praotec světlý ležák;Česká republika;1;
Bosman Full;Polsko;3;Cobolis 13° British Golden Ale;Česká republika;1;
Bosman Specjal;Polsko;1;Cobolis 14° SaazAle.cz #2;Česká republika;1;
Boží Dar 12°;Česká republika;1;Cobolis 16° NEIPA;Česká republika;1;
Brackie;Polsko;3;Cobolis 17° Weizenbock;Česká republika;1;
Braník 10°;Česká republika;710;Cobolis 24° Russian Imperial Stout;Česká republika;1;
Braník 10° Mikuláš Aleš;Česká republika;1;Cobolis Praotec světlý ležák 12°;Česká republika;1;
Braník 11°;Česká republika;19;Coopers Dark Ale;Austrálie;1;
Braník 12°;Česká republika;1;Corgoň 10°;Slovensko;8;
Braník černý;Česká republika;3;Corona Extra;Mexiko;1;
Brauburger;Německo;1;Cosmarul lui Baiazid;Rumunsko;1;
BrewDog Punk IPA;Spojené království;3;Crius Blonde;Belgie;1;
BrewDog Vagabond Pale Ale;Spojené království;1;Cvikov 10° Luž;Česká republika;10;
Brok Sambor;Polsko;1;Cvikov 11° Hvozd;Česká republika;17;
Brouwerij ‘t IJ Ij Wit;Nizozemsko;1;Cvikov 12° Klíč;Česká republika;3;
Bruncvík 10° výčepní;Česká republika;124;Cvikov 13° Sváteční polotmavý speciál;Česká republika;1;
Bruncvík Dark beer Tmavé;Česká republika;7;Cvikov 8° Sklář;Česká republika;6;
Značka piva;Země původu;Počet;Značka piva;Země původu;Počet;
Čajka Černomorskaja;Ukrajina;1;Erl Erlkönig Dunkel;Německo;1;
Černá Hora 11° Borůvka;Česká republika;1;Erl Erlkönig Hell;Německo;1;
Černá Hora 11° Páter;Česká republika;1;Estrella Damm;Španělsko;1;
Černá Hora 12° Granát;Česká republika;1;Estrella Galicia;Španělsko;1;
Černá Hora 13° Medová;Česká republika;1;Falkenstejn 9° Svižnej Emil;Česká republika;2;
Černá Hora 14° Kvasar;Česká republika;1;Falkenštejn 11° Světlý ležák;Česká republika;1;
Černá Hora Velen Pšeničné;Česká republika;3;Falkenštejn 12° Ostroff;Česká republika;1;
Černodolský ležák 10°;Česká republika;3;Falkenštejn 13° Rudoch;Česká republika;1;
Černý Orel 13°;Česká republika;3;Faxe Extra Strong 10%;Dánsko;2;
Červený Vlk 13° spodně kvašený ležák;Česká republika;1;Faxe Premium;Dánsko;2;
Dačický 12°;Česká republika;1;Feldschlösschen Pilsner;Německo;1;
Dalešice 11°;Česká republika;16;Ferdinand 0%;Česká republika;1;
Dalešice 11° Nefiltrované;Česká republika;2;Ferdinand 10°;Česká republika;3;
Debowe Mocne;Polsko;1;Ferdinand 11°;Česká republika;1;
Děčín 10° Bukanýr;Česká republika;110;Ferdinand 11° Max;Česká republika;3;
Děčín 11° Kapitán;Česká republika;32;Ferdinand 11° Tmavý;Česká republika;1;
Děčín 12° Admirál;Česká republika;1;Ferdinand 12° Nefiltrované;Česká republika;1;
Děčín Kormidelník 13° Tmavé;Česká republika;1;Ferdinand 13° Sedm Kulí;Česká republika;1;
Děčín Vánoční speciál 13° Polotmavý;Česká republika;1;Ferdinand 15° d´Este;Česká republika;1;
Deep 10°;Česká republika;2;Festbier;Německo;1;
Deep 11°;Česká republika;2;Filoména Nomád 11* světlé;Česká republika;1;
Desperados Mojito;Mexiko;1;Flekovský ležák 13°;Česká republika;11;
Desperados Tequila;Nizozemsko;1;Flekovský ležák 13° Světlý;Česká republika;1;
Dobosz lager;Polsko;1;Flekovský ležák 13° Tmavý;Česká republika;1;
Dobruška 11°;Česká republika;1;Flensburger Pilsener;Německo;1;
Dock Lager;Polsko;1;Franziskanner Weissbier Naturtrüb;Německo;1;
Donner Premium;Polsko;1;Fresh Kazbek 15°;Česká republika;1;
Dracula;Rumunsko;1;Frydenlund Bayer;Norsko;1;
Dreher;Itálie;1;Fryštátský ležák 11° světlý;Česká republika;1;
Dresdner Felsenkeller Pilsner;Německo;1;Fuller's London Pride;Spojené království;1;
Duckstein original;Německo;1;Gambrinus 10°;Česká republika;8046;
Dudák 11° Nektar;Česká republika;2;Gambrinus 10° Nepasterizovaný;Česká republika;41;
Dudák 12° Premium;Česká republika;3;Gambrinus 11° Excelent;Česká republika;334;
Dudák 13° Klostermann;Česká republika;1;Gambrinus 11° Nepasterizovaná;Česká republika;1;
Dudák 13° Král Šumavy;Česká republika;1;Gambrinus 12°;Česká republika;79;
Duff Beer;Německo;6;Gambrinus 12° Nefiltrovaný;Česká republika;2;
Dva Kohouti 10° Helles;Česká republika;2;Gambrinus 12° Nepasterizovaná;Česká republika;2;
Dva Kohouti 12° Místní;Česká republika;1;Gambrinus 12° Patron;Česká republika;1;
Dva Kohouti 12° Místní Ležák;Česká republika;1;Gambrinus Dry;Česká republika;1;
Edelmeister 0% alc.;Polsko;1;Gambrinus Limetka & Bezinka;Česká republika;1;
Edelmeister Pilsener;Polsko;1;Gambrinus Šťavnatý Grep;Česká republika;1;
Edelmeister Weizenbier;Polsko;1;Garage Hardcore Taste Cherry & More;Ukrajina;1;
Efes Malt;Turecko;1;Garage Taste Lemon Hard Drink;Ukrajina;1;
Eichhofener Helles;Německo;1;Garage Taste Mandarin Hard Drink;Ukrajina;1;
Einstök Icelandic Pale Ale;Island;1;Gepard světlý 11°ALE;Česká republika;1;
Elektra 11° Polotmavé;Česká republika;2;Golden Bräu;Rumunsko;1;
eMBe 10° Calypso Single Hop APA;Česká republika;1;Gösser Gold;Rakousko;2;
eMBe 11° Jantarový ležák;Česká republika;1;Grolsch;Nizozemsko;1;
eMBe 11° Strawberry Stoud;Česká republika;1;Guinness;Irsko;45;
eMBe 12°;Česká republika;1;Guinness Draught;Irsko;10;
eMBe 13° Mon Chéri IPA Sour Cherry;Česká republika;1;Guinness Extra Stout;Irsko;10;
eMBe 14° Stout;Česká republika;1;Gulden Draak;Belgie;1;
eMBe 15° IPA;Česká republika;1;Gulden Draak 9000 Quadruple;Belgie;1;
Emeran 12° Kníže Nebes;Česká republika;2;Habesha 11° Lager;Etiopie;1;
Emeran 12° Polotmavé medové;Česká republika;2;Haifish Dunkel;Německo;1;
Engelszell Gregorius Trappistenbier;Rakousko;1;Hák 10°;Česká republika;3;
Erdinger Brauhaus Helles;Německo;1;Hák 10° Pampeliška;Česká republika;1;
Erdinger Weissbier;Německo;1;Hák 11°;Česká republika;4;
Značka piva;Země původu;Počet;Značka piva;Země původu;Počet;
Hák 12° Red Ale;Česká republika;1;Chomout 13,3° Něžná Bára;Česká republika;2;
Hák 13° Černé;Česká republika;2;Chotěboř 10°;Česká republika;1;
Hák 14° NEIPA;Česká republika;1;Chotěboř 12°;Česká republika;2;
Hák 8° ALE;Česká republika;1;Chrášťan polotmavý 13°;Česká republika;1;
Halne mocne 7%;Polsko;1;Chroust 12° Piwakawaka;Česká republika;1;
Harnaś Jasne Pełne;Polsko;1;Chroust 12° Štědrý ležák;Česká republika;1;
Harrach 10°;Česká republika;3;Chříč 10° Alena;Česká republika;1;
Harrach 12° Světlé;Česká republika;11;Chyše 11° Prokop;Česká republika;1;
Harrachov 12° Čertovské pivo;Česká republika;4;Chyše 12° Prokop Tmavé;Česká republika;1;
Harrachov 12° Františkův ležák;Česká republika;1;Ichnusa;Itálie;1;
Harrachov 8° Huťské výčepní;Česká republika;11;IKEA Öl Ljus Lager;Švédsko;2;
Heineken;Nizozemsko;45;IKEA Öl Mörk Lager;Švédsko;2;
Heineken 0.0 Beer;Česká republika;1;Jacob Weissbier;Německo;1;
Helene 11° APA;Česká republika;1;Jakt Pils svette;Norsko;1;
Helene 11° Stoud;Česká republika;2;Jánošík polotmavý 11°;Česká republika;2;
Helene 12° Adonis polotmavé;Česká republika;1;Jelen;Srbsko;2;
Helene 12° Gracie;Česká republika;1;Jever Pilsener;Německo;2;
Herbal ale Řebříček 13°;Česká republika;1;Ježek 11°;Česká republika;6;
Hermann Müller;Polsko;1;Ježek 13° Jihlavský Altbier;Česká republika;1;
Herold 12°;Česká republika;1;Ježek 14° Telčský Zachariáš;Česká republika;1;
Herold 12° Pšeničné;Česká republika;1;Jihlavský radniční pivovar 12° Ignác;Česká republika;1;
Herold 13° Tmavé;Česká republika;1;Johan Lager beer;Polsko;1;
Herold 14° Polotmavé;Česká republika;1;Jupiler;Belgie;2;
Hoegaarden Rosée;Belgie;1;Kácov 11° Maskáč;Česká republika;1;
Holba 10° Classic;Česká republika;23;Kaltenecker 11.5° Kras;Slovensko;1;
Holba 11° Šerák;Česká republika;285;Kamenice 12° New Zealand Pale Ale;Česká republika;1;
Holba 12° Premium;Česká republika;1;Kamenice nad Lipou 10° Kamenická;Česká republika;1;
Holba Brusinka s mátou;Česká republika;1;Kamenice nad Lipou 11° Kamenická;Česká republika;6;
Holba Horské byliny;Česká republika;1;Kamenice nad Lipou 13° Kamenická Polotmavá;Česká republika;1;
Holsten Pils;Německo;3;Kamenice nad Lipou 15° IPA;Česká republika;1;
Hopfe Pilsener;Německo;1;Kamenický Dukát 10°;Česká republika;1;
HoppyDog 12° Coyote APA;Česká republika;1;Kamenický Rytíř 12°;Česká republika;1;
Horal 12° Tmavý;Česká republika;1;Karel IV. 11°;Česká republika;4;
HORAL 1860 světlý ležák 11°;Česká republika;2;Karel IV. 12° Polotmavé;Česká republika;2;
Hostinská 12°;Slovensko;1;Karel IV. 12° Pšeničné;Česká republika;3;
Hrdelák 12° světlá;Česká republika;2;Karel IV. 13° Tmavé;Česká republika;1;
Hubertus Kácov 10°;Česká republika;1;Karel IV. 15°;Česká republika;1;
Hubertus Kácov 12°;Česká republika;1;Karlovačko;Chorvatsko;33;
Huhňák 10° Standard;Česká republika;1;Karlovačko Crno;Chorvatsko;1;
Hulvát 11°;Česká republika;1;Karlovačko Radler;Chorvatsko;1;
Hulvát 11° Polotmavý;Česká republika;1;Karpackie Pils;Polsko;1;
Hupiki 10°;Slovensko;1;Karvisnké pivo 13° Fryštátský speciál polotmavé;Česká republika;1;
Chang;Thajsko;2;Kasteel Rouge;Belgie;1;
Chimay Blanche;Belgie;1;Kasztelan;Polsko;1;
Chmelař 10°;Česká republika;45;Kasztelan Niepasteryzowane;Polsko;1;
Chmeloun 10° Ochmelka;Česká republika;1;Kašperk 10°;Česká republika;1;
Chmeloun 12° KraluPol Polotmavé;Česká republika;2;Kašperk Herbal stoud 13°;Česká republika;1;
Chodovar 0% Nealkoholické;Česká republika;1;Kašperk Neipa 12°;Česká republika;1;
Chodovar 10°;Česká republika;1;Kašperskohorský pivovar 10° Kašperk;Česká republika;1;
Chodovar 10° Černé;Česká republika;1;Keller Bier;Německo;2;
Chodovar 11°;Česká republika;20;Kelt 10°;Slovensko;2;
Chodovar 11°  Kvasnicový speciál světlý;Česká republika;1;Keltské dědictví;Česká republika;2;
Chodovar 11° Zlatá;Česká republika;1;Keras 10°;Česká republika;1;
Chodovar 11° Zlatý ležák kvasnicový;Česká republika;1;Keras 10° Výčepní světlé;Česká republika;2;
Chodovar 12° Prezident Premium;Česká republika;1;Kijowskie 11°;Ukrajina;1;
Chodovar 12° Skalní polotmavé kvasnicové;Česká republika;2;Kilián 11° Bohoušův ležák;Česká republika;1;
Chodovar 13° Zámecký speciál;Česká republika;1;Kilián 13° APA Jarmilka;Česká republika;1;
Chodovar Pašerák;Česká republika;1;Kilián 9° Rugby Ale;Česká republika;1;
Značka piva;Země původu;Počet;Značka piva;Země původu;Počet;
Kilkenny;Irsko;1;Kozel Mistrův pšeničný;Česká republika;1;
Kilkenny Irish Red 10°;Irsko;1;Kozel Mistrův s čokoládovými slady;Česká republika;1;
Kirin Ichiban;Japonsko;1;Kozel Nealko;Česká republika;1;
Klasik 10°;Česká republika;9;Krakonoš 10°;Česká republika;3;
Klášter 10°;Česká republika;7;Krakonoš 10° Tmavé;Česká republika;1;
Klášter 11°;Česká republika;4;Krakonoš 11°;Česká republika;16;
Klášter 12° Premium;Česká republika;1;Krakonoš 12°;Česká republika;2;
Klosterm polotmavý;Česká republika;1;Krakonoš 14°;Česká republika;1;
Knajzl 11°;Česká republika;1;Královna tanga 14°;Slovensko;1;
Knajzl 12°;Česká republika;3;Krasličák 13° Zelené pivo;Česká republika;1;
Kňour 12° tmavý ležak;Česká republika;1;Krombacher Pils;Německo;6;
Kocour 10° Studentská;Česká republika;1;Krombacher Radler Alkoholfrei;Německo;1;
Kocour 11° American Pale Ale;Česká republika;1;Kronenbourg 1664;Francie;1;
Kocour 12°;Česká republika;3;Kronl 11° Sarka Farka;Česká republika;2;
Kocour 12° Višňový ležák;Česká republika;1;Kruk ciemne 5,5%;Polsko;1;
Kocour 14° Jahodový Porter;Česká republika;2;Krušnohor 11°;Česká republika;2;
Kocour 14° Samuraj American IPA;Česká republika;1;Krušnohor 12°;Česká republika;2;
Kolčavka 11°;Česká republika;1;Krušnohor 13° Meďák;Česká republika;2;
Kolčavka 12° Extra hořká;Česká republika;1;Krušnohor 13° polotmavé;Česká republika;3;
Kolčavka 15° Mrtvý kostelník;Česká republika;1;Krušnohor 14° tmavé;Česká republika;2;
Kolčavka 8° Cyklistická;Česká republika;1;Krušnohor 8° Sabro;Česká republika;1;
Koliba 10° Kousek;Česká republika;4;Krušnohor Eclipse Kick 12° IPL;Česká republika;1;
Koliba 11°Kousek;Česká republika;1;Krušovice 10°;Česká republika;54;
Koliba 12° Kousek světlý ležák;Česká republika;4;Krušovice 10° Černé;Česká republika;18;
Koliba 12° Kousek světlý ležák;Česká republika;2;Krušovice 11° Mušketýr;Česká republika;17;
Koliba 12° medová;Česká republika;4;Krušovice 12°;Česká republika;12;
Kolkovna 12 Ale;Česká republika;1;Krušovice Bohém;Česká republika;1;
Kolkovna 12°;Česká republika;1;Krušovice nealko;Česká republika;1;
Kolkovna 12° Red Lager;Česká republika;2;Kruták 12°;Česká republika;1;
Kolkovna Lager 12°;Česká republika;1;Książęce;Polsko;2;
Kolkovna Pšenice 11°;Česká republika;1;Książęce IPA;Polsko;1;
Kolkovna Tmavá 13°;Česká republika;1;Książęce Złote Pszeniczne;Polsko;2;
König Pilsener;Německo;4;Kuflowe mocne 7,2%;Polsko;1;
Königsbacher Pils;Německo;2;Kuchlbauer Alte Liebe Dunkle Weisse;Německo;1;
Konrad 10°;Česká republika;2;Kulmbacher Mönchshof Lager;Německo;1;
Konrad 11°;Česká republika;3;Kultowe Jasne;Polsko;1;
Konrad 11° Eso;Česká republika;1;Kur pils 5%;Polsko;1;
Konrad 11° IQ;Česká republika;1;Kustosz lager;Polsko;1;
Konrad 11° Tmavý;Česká republika;3;Kustosz Mocne 7,2%;Polsko;1;
Konrad 11° Vratislavický ležák;Česká republika;2;Kutná Hora 10° Bronzová;Česká republika;1;
Konrad 12°;Česká republika;1;Kutná Hora 11° Stříbrná;Česká republika;1;
Konrad 14° Spytihněv;Česká republika;1;Kutná Hora 12° Zlatá;Česká republika;1;
Konrad 16° Bizon Black Ale;Česká republika;2;Kvetinkove 11°;Slovensko;1;
Konrad Chytrón;Česká republika;23;Kwak 16°;Belgie;1;
Korça Pils;Albánie;3;Kyjovský pivovar 10° Kyjovská Desítka;Česká republika;8;
Košickí majstri 10°;Slovensko;1;Kynšperský Zajíc 10°;Česká republika;1;
Kotouč Česká Kamenice 11° Kamenický Zlaťák;Česká republika;1;Kynšperský Zajíc 11° Summer Ale;Česká republika;1;
Kotouč Česká Kamenice 14° Kamenická Kaple;Česká republika;1;Kynšperský Zajíc 12°;Česká republika;1;
Kousek piva 11°;Česká republika;1;Kytín 10°;Česká republika;1;
Kousek piva 12° Polotmavé;Česká republika;1;Kytín 11° Granátový ležák;Česká republika;1;
Kozel 10°;Česká republika;3801;Kytín 12°;Česká republika;1;
Kozel 10° Černý;Česká republika;39;Kytín 12° Vídeňský ležák;Česká republika;1;
Kozel 11°;Česká republika;780;Kytín DUO 12° ALE;Česká republika;1;
Kozel 11° Řezaný;Česká republika;3;La Trappe Tripel;Nizozemsko;1;
Kozel 12°;Česká republika;6;La Trappe Witte Trappist;Nizozemsko;1;
Kozel 12° Mistrův Kaštanový;Česká republika;1;Labuť Litoměřice 10°;Česká republika;1;
Kozel 12° Mistrův Ležák;Česká republika;4;Labuť Litoměřice 11 Keller bier;Česká republika;1;
Kozel Medový;Česká republika;5;Labuť Litoměřice 11° Černá labuť;Česká republika;1;
Značka piva;Země původu;Počet;Značka piva;Země původu;Počet;
Labuť Litoměřice 11? Světlá;Česká republika;5;Lobeč 11° Wit;Česká republika;1;
Labuť Litoměřice 12° polotmavé;Česká republika;1;Lobkowicz 10°;Česká republika;6;
Labuť Litoměřice 12° Žák světlé;Česká republika;28;Lobkowicz 11°;Česká republika;2;
Lambáda Imperial Stoud 21°;Česká republika;1;Lobkowicz 12° Démon Světlý ležák;Česká republika;1;
Lanýž 10°;Česká republika;7;Lobkowicz 12° Démon tmavý ležák;Česká republika;1;
Lanýž 11° Polotmavý;Česká republika;2;Lobkowicz Démon 13°;Česká republika;2;
Lanýž 12°;Česká republika;2;Lobkowicz IPA Flying Cloud;Česká republika;1;
Lanýž 14° RED IPA;Česká republika;1;Lobkowicz Premium 0% Nealko;Česká republika;1;
Lapin Kulta;Finsko;1;Lobkowicz Premium 12°;Česká republika;26;
Laško;Slovinsko;1;Lobkowicz Premium 12° Černý;Česká republika;1;
Laško Zlatorog;Slovinsko;1;Lobkowicz Premium Ale;Česká republika;1;
Laura Craft 12°;Česká republika;1;Lobkowicz Premium Pšeničný;Česká republika;1;
Leffe Blonde;Belgie;1;Lobkowicz Svatomartinský speciál;Česká republika;1;
Leffe Bruin;Belgie;3;Lomza Export;Polsko;2;
Lehár 10°;Slovensko;1;Lomza Export Niefiltrowane;Polsko;1;
Lehár 11°;Slovensko;1;Lomza niepasteryzowane;Polsko;1;
Lehár 12°;Slovensko;1;Lončák 11° Chmelová mrda;Česká republika;1;
Lech Free Bezalkoholowy;Polsko;1;Louka 11° Primáš;Česká republika;1;
Lech Premium;Polsko;1;Louka 12° Kontráš;Česká republika;1;
Leon Steiner 0%;Polsko;3;Louka 12° Majstr;Česká republika;1;
Leon Steiner Lager;Polsko;1;Lounský žejdlík 11°;Česká republika;1;
Leon Steiner Premium Lager Unpasteurised;Polsko;1;Lounský žejdlík 11° Mojito Wit;Česká republika;1;
Leon Steiner Strong;Polsko;1;Lounský žejdlík 13° Tmavá;Česká republika;3;
Letra 12° B Bohemian Pilsner;Portugalsko;1;Lounský žejdlík řezané;Česká republika;1;
Liblický Flamendrák 11°;Česká republika;1;Louny 10°;Česká republika;12;
Libocký pivovar 11.8 Robert IPA;Česká republika;1;Louny 12°;Česká republika;1;
Libocký pivovar 11° APA Galaxy;Česká republika;1;Löwenbräu Original;Německo;17;
Libocký pivovar 11° Rychtář;Česká republika;1;Lübzer Naturradler Grapefruit;Německo;1;
Libocký pivovar 11° Šárka;Česká republika;1;Lübzer Pils;Německo;1;
Libocký pivovar 12° Rychtář;Česká republika;1;Lucky Bastard 11° CZ-US Pale Ale;Česká republika;1;
Libocký pivovar 15° Biscuit stout;Česká republika;1;Lucky Bastard 12° First Hop;Česká republika;1;
Lidskoe Klasičnoe světloe;Bělorusko;3;Luhačovice 10° Otto;Česká republika;1;
Lidskoe Premium;Bělorusko;1;Luhačovice 11° Alojz;Česká republika;1;
Liebenweiss Hefe Weissbier;Německo;1;Lvivske 11,5° 1715;Ukrajina;1;
Lindemans Cassis;Belgie;1;Lvivske Lev pšenične;Ukrajina;2;
Lindemans Kriek;Belgie;1;Lvivske Lev Temne;Ukrajina;1;
Lion 11° Filtrovaný;Česká republika;1;Lvivske Miękkie;Ukrajina;1;
Lion 11° Nefiltrovaný;Česká republika;1;Lvivske Premium Lager;Ukrajina;1;
Lion 13° Polotmavý;Česká republika;1;Lvivske Prjanij Citrus;Ukrajina;1;
Lípák 13° Chmelda IPA;Česká republika;1;Lvivske Risdvjane;Ukrajina;1;
Lipák Bumbál 11°;Česká republika;1;Lyer Modrava 11°;Česká republika;1;
Lipák Cipísek 10° Summer ALE;Česká republika;1;Lyer Modrava 11° tmavé;Česká republika;1;
Lipák Rejpal 12°;Česká republika;1;Lyer Modrava 12°;Česká republika;1;
Lípák Rejpal 12° Single Hop Ale;Česká republika;1;Ma Donna;Belgie;1;
Lípák, Bumbal 11;Česká republika;1;MadCat 12° Ležák;Česká republika;1;
Lisý dědek 12°;Česká republika;2;Maes Pils;Belgie;2;
Litoměřice Černý orel 13°;Česká republika;2;Maisel's Weisse;Německo;1;
Litoměřice Fořt 12°;Česká republika;4;Malastrana 11° Original Pils;Česká republika;2;
Litoměřice Kalich 10°;Česká republika;2192;Malastrana 18° Imperial Pils;Česká republika;2;
Litoměřice Kalich 11°;Česká republika;311;Malastrana Dark Lager;Česká republika;2;
Litovel 0% Free Pomelo;Česká republika;1;Malastrana Strong Bock;Česká republika;2;
Litovel 0% Řezaný citron;Česká republika;1;Malý Janek 11° Blondýna z Bazénu Ale;Česká republika;1;
Litovel 10°;Česká republika;32;Malý Janek 12° Velký Janek;Česká republika;1;
Litovel 11°;Česká republika;2;Marina 10° Přístavní výčepní;Česká republika;1;
Litovel 11° Moravan;Česká republika;24;Marina 12° Holešovický ležák;Česká republika;1;
Litovel 12° Premium;Česká republika;1;Master 18° Tmavé;Česká republika;2;
Litovel 13° Gustav polotmavý speciál;Česká republika;1;Master Brut IPA;Česká republika;1;
Litovel Černý Citron;Česká republika;1;Matuška 11° Road to Tokyo;Česká republika;1;
Značka piva;Země původu;Počet;Značka piva;Země původu;Počet;
Matuška 12° California;Česká republika;2;Němý Medvěd 11° Vídeň;Česká republika;1;
Matuška 12° světlý ležák;Česká republika;2;Němý Medvěd 12° Brtník;Česká republika;1;
Matuška 14° Speciální tmavé - černé;Česká republika;1;Němý Medvěd 13° Mosaic Smash IPA;Česká republika;1;
Matuška 15° Raptor IPA;Česká republika;1;Němý medvěd 15° IPA;Česká republika;1;
Mazák 11° Extra hořká;Česká republika;1;Němý Medvěd Brtník 1842 světlý ležák;Česká republika;1;
Měšťan 10°;Česká republika;1;Nene Lancu;Rumunsko;1;
Mikuláš 11° Slavovar;Česká republika;1;Nevskoe Svetloe;Ruská federace;1;
Mikuláš 13° Du-Grian Stout;Česká republika;1;Nikšićko Pivo;Černá Hora;18;
Miller Genuine Draft;Spojené státy;1;Nikšićko Tamno;Černá Hora;2;
Miłosław & Makłowicz ARCYLAGER;Polsko;1;Nomád 12° Céčka APA;Česká republika;1;
Mlýn 11° Jarmil;Česká republika;1;Nomád 12° Smrtisyn;Česká republika;1;
Mlýn 11° polotmavé;Česká republika;1;Nomád 16° Pelikán IPA;Česká republika;1;
Mlýn 13° polotmavé IPA;Česká republika;1;Nomád 18° Zaříkávač chmele;Česká republika;1;
Mlýn 14° Bitr;Česká republika;1;Nomád 20° Andělé bez křidel;Česká republika;1;
Mlýn Cyklistické 10°;Česká republika;1;Nomád Sněhulajda 18* Weizenbock;Česká republika;1;
Mlýn Ležák 12°;Česká republika;1;Novopacké pivo 10° Brouček;Česká republika;16;
Monopol 11° Karlík;Česká republika;1;Novopacké pivo 11° Kryštof;Česká republika;1;
Monopol 11° Višeň;Česká republika;1;Novopacké pivo 11° Kryštof nefiltrovaný;Česká republika;1;
Monopol 12° Světlý ležák;Česká republika;1;Novopacké pivo 12° Extra chmelené;Česká republika;1;
Monopol 12° Vídeňský ležák;Česká republika;1;Novopacké pivo 12° Kumburák;Česká republika;1;
Monopol 14° Ale;Česká republika;1;Novopacké pivo 12° Vodnický ležák;Česká republika;3;
Monopol 16° Porter;Česká republika;1;Novopacké pivo 13° Podkrkonošský speciál světlý;Česká republika;1;
Morava 11° Polotmavé;Česká republika;3;Novopacké pivo 13° Podkrkonošský speciál tmavý;Česká republika;1;
Moravcova jedenáctka 11°;Česká republika;4;Novopacké pivo 16° Valdštejn;Česká republika;1;
Mordýř 11° Kuněrtický Kastelán;Česká republika;2;Novopacké pivo Třešňové;Česká republika;1;
Mordýř 11° Světlý ležák;Česká republika;1;Novosad 12° František;Česká republika;2;
Mordýř 12° Líný Čert;Česká republika;1;Oboloň 11°;Ukrajina;2;
Moritz 11 polotmavé;Česká republika;3;Oboloň Premium;Ukrajina;2;
Moritz 11°;Česká republika;1;Oettinger Pils;Německo;1;
Moritz 12°;Česká republika;1;O'Hara's Irish Red;Irsko;1;
Most 10° Desítka Pale Ale;Česká republika;1;O'Hara's Irish Stout;Irsko;1;
Most 11°;Česká republika;1;Okocim Cztery Chmiele;Polsko;1;
Most 12° NZL ležák;Česká republika;1;Okocim Jasne Pełne;Polsko;1;
Most 12° Polotmavá;Česká republika;1;Okocim Kwaśne Jabłko 4,5%;Polsko;1;
Most 14° IPA;Česká republika;1;Okocim Mocna Pomarańca 4,5%;Polsko;1;
Mostecký Kahan 11° Mostecká;Česká republika;1;Old School 16°;Slovensko;1;
Mostecký kahan 11° Mostecká 11° světlý ležák;Česká republika;1;Opat 10° Tmavý;Česká republika;1;
Mostecký Kahan 12° Magistr Edward Kelley;Česká republika;1;Opat 10° Třešňový;Česká republika;1;
Mostecký Kahan 12° Zdař Bůh !;Česká republika;1;Opat 12°;Česká republika;2;
Mostecký Kahan 15° Výroční speciál;Česká republika;1;Opat 12° Medový;Česká republika;1;
Mount Eagle;Spojené státy;2;Opat 12° Pepper;Česká republika;1;
Muflon 11°;Česká republika;1;Original Ritterguts Gose;Německo;1;
Muflon 12° Chmel;Česká republika;2;Orlovský pivovar 12° Dvanda;Česká republika;2;
Muflon 12° Polotmavé;Česká republika;2;Orlovský pivovar 12° Kombinátor;Česká republika;2;
Mythos;Řecko;1;Ossegg 10°;Česká republika;1;
Na Rychtě 10° Ústecká;Česká republika;1;Ossegg 10° Athanasius;Česká republika;1;
Na Rychtě 11° Máye;Česká republika;1;Ossegg 11° Ruthard;Česká republika;2;
Na Rychtě 11° Ústecká Rychtářka;Česká republika;1;Ossegg 12° Philipp;Česká republika;2;
Na Rychtě 12° Mazel;Česká republika;1;Ossegg 12° Vídeňský ležák;Česká republika;1;
Na Rychtě 12° Prokop;Česká republika;1;Ossegg 13° Balthasar;Česká republika;1;
Na Rychtě 12° Řezané;Česká republika;1;Ossegg 13° Tomáš černé;Česká republika;3;
Na Rychtě 12° Vojtěch;Česká republika;3;Ossegg 14° Sv. Martin IPA;Česká republika;1;
Na Rychtě 16° Porter tmavý;Česká republika;1;Ossegg řezané 1/3;Česká republika;1;
Na Rychtě 7° Cyklopivo;Česká republika;1;Ostravar 10°;Česká republika;2;
Nachmelená Opice 14° IPA;Česká republika;1;Ostravar 11° Mustang;Česká republika;2;
Namysłów Pils;Polsko;2;Ostravar 12°;Česká republika;3;
Nazdar;Česká republika;1;Ostravar 13° Černá Barbora;Česká republika;3;
Němý Medvěd 10° Vopičák;Česká republika;1;Ottakringer Helles;Rakousko;1;
Značka piva;Země původu;Počet;Značka piva;Země původu;Počet;
Ovipistán 12° Winter ale;Česká republika;1;Pivo Karlín 14° NEIPA;Česká republika;1;
Ovipistán 15° Tajemník;Česká republika;1;Pivo Karlín APA;Česká republika;1;
Ožujsko;Chorvatsko;77;Pivovar Děčín 14° Vánoční speciál;Česká republika;3;
Ožujsko Amber;Chorvatsko;1;Pivovar Mikuláš 12° Kracherl;Česká republika;1;
Ožujsko Grejp;Chorvatsko;1;Pivovar U Vojtěchů 11° Podlipák;Česká republika;1;
Ožujsko Limun;Chorvatsko;1;Pivovar U Vojtěchů 12,5° Matylda;Česká republika;1;
Ožujsko Višnja;Chorvatsko;1;Pivovar U Vojtěchů 12° Fanda;Česká republika;1;
Paderborner Pilsener;Německo;1;Plasy 13° Felčar polotmavé;Česká republika;2;
PAN Lager;Chorvatsko;2;Platan 10°;Česká republika;14;
PAN Zlatni;Chorvatsko;2;Platan 11°;Česká republika;1;
Panaczech 13° Freya;Česká republika;1;Plzeňský Prazdroj 12°;Česká republika;122;
Panský mlýn 11° Baribal;Česká republika;1;Pod Lípou 10° Čeledín;Česká republika;3;
Pardál 10°;Česká republika;6;Pod Lípou 11° Mouřenín polotmavý;Česká republika;1;
Pardál 11° Echt;Česká republika;1;Pod Lípou 12° Sedlák;Česká republika;1;
Paulaner Hefe-Weißbier Naturtrüb;Německo;2;Podkováň 10°;Česká republika;22;
Paulaner Original Münchner Dunkel;Německo;1;Podkováň 10° Tmavé;Česká republika;1;
Paulaner Premium Pils;Německo;3;Podkováň 11°;Česká republika;1;
Paulaner Salvator;Německo;1;Podlesí 12° Thomas Brut IPA;Česká republika;1;
Peja;Kosovo;2;Pohjala Lager;Estonsko;1;
Perła Chmielowa;Polsko;1;Poids Plume;Francie;1;
Perla Miodowa;Česká republika;1;Polar;Venezuela;1;
Perla Mocna 7,1%;Polsko;1;Polička 10° Hradební;Česká republika;1;
Perlenbacher 7% Winter Bock;Česká republika;1;Polička 11° Otakar;Česká republika;5;
Perlenbacher Bavarian Lager Beer;Německo;1;Polička 11° Otakar Kvasnicové;Česká republika;1;
Perlenbacher Beer & Lemonade;Německo;13;Polička 12° Záviš;Česká republika;1;
Perlenbacher Festbier;Německo;1;Popeleční Benedict 13°;Česká republika;1;
Perlenbacher Gold;Německo;1;Postřižiny 0% Střízlík;Česká republika;1;
Perlenbacher Pils;Německo;1;Postřižiny 10° Nymburk Lager Beer;Česká republika;4;
Perlenbacher Radler Nealkoholický;Německo;1;Postřižiny 10° Pepinova desítka;Česká republika;10;
Perlenbacher Strong 7.9%;Německo;1;Postřižiny 11° Jedenáctka;Česká republika;3;
Perlenbacher Wheat beer;Německo;1;Postřižiny 11° Tmavý ležák;Česká republika;2;
Permon 10° Summer Ale;Česká republika;1;Postřižiny 12° Francinův ležák;Česká republika;1;
Permon 13° Hazy Citra;Česká republika;1;Postřižiny 12° Gold Bohemia Beer;Česká republika;1;
Pernštejn 10°;Česká republika;8;Postřižiny 12° La Cagole;Česká republika;1;
Pernštejn 10° Arnoštova hořká;Česká republika;2;Postřižiny 13°  Něžný barbar;Česká republika;1;
Pernštejn 11° Vilém;Česká republika;9;Poutník 12°;Česká republika;1;
Pernštejn 12°;Česká republika;16;Poutník 12° Kvasnicový;Česká republika;2;
Pernštejn 12° Hořká dvanáctka ze sklepa;Česká republika;1;Poutník 14°;Česká republika;1;
Pernštejn 19° Pardubický Porter;Česká republika;1;Primátor 10°;Česká republika;3;
Peroni;Itálie;1;Primátor 10° Antonín;Česká republika;1;
Peroni Nastro Azzurro;Itálie;4;Primátor 10° Diamant;Česká republika;1;
Petrus Aged Pale;Belgie;1;Primátor 11°;Česká republika;1;
Petrus Aged Red;Belgie;1;Primátor 12° Premium;Česká republika;3;
Petrus Blond;Belgie;1;Primátor 13° Polotmavý;Česká republika;1;
Petrus Dubbel;Belgie;1;Primátor 16° Exkluziv;Česká republika;1;
Petrus Roodbruin;Belgie;1;Primátor 21 IMPERIAL;Česká republika;1;
Petrus Tripel;Belgie;1;Primátor American Pale Ale;Česká republika;2;
Piast Wrocławski;Polsko;1;Primátor English Pale Ale;Česká republika;1;
Pioneer 12° Brilliant;Česká republika;1;Primátor Chipper Grapefruit Beer;Česká republika;4;
Pioneer 13° Eclipse It Ale Pale;Česká republika;1;Primátor IPA;Česká republika;1;
Pioneer 14° Obzor IPA;Česká republika;1;Primátor nealko černý rybíz a limetka;Česká republika;1;
Pioneer Beer 11° Rezident;Česká republika;2;Primátor Stout;Česká republika;3;
Piraat;Belgie;1;Primátor Tchyně IPL;Česká republika;2;
Piraat Triple Hop;Belgie;1;Primátor Weizenbier;Česká republika;2;
Písecký hradební pivovar 10° Florián;Česká republika;2;Primus 10°;Česká republika;116;
Písecký hradební pivovar 11° Písecký ležák;Česká republika;1;Proud 10° TheMže;Česká republika;1;
Pivo Karlín 10° Ale;Česká republika;1;Proud 12° Ležák;Česká republika;3;
Pivo Karlín 11°;Česká republika;1;Proud Ventil 11°;Česká republika;1;
Značka piva;Země původu;Počet;Značka piva;Země původu;Počet;
Pumpkin Ale 14°;Slovensko;1;Rudohor 10° Groš;Česká republika;2;
Račice 11°;Česká republika;1;Ryevolution 12,7°;Slovensko;1;
Račice 12° polotmavé;Česká republika;2;Rychtář 11°;Česká republika;2;
Radeberger Pillsner 0%;Německo;1;Rychtář 12° Premium;Česká republika;1;
Radeberger Pilsner;Německo;3;Saaz shine 10° výčepní;Česká republika;2;
Radeberger Zwickelbier;Německo;1;Samson 10°;Česká republika;61;
Radegast 0% Birell;Česká republika;2;Samson 11°;Česká republika;4;
Radegast 0% Birell Pomelo & Grep;Česká republika;2;Samson 12°;Česká republika;5;
Radegast 10°;Česká republika;285;Samson 12° Tmavé;Česká republika;1;
Radegast 10° Ratar;Česká republika;2;Samson 14° Bock;Česká republika;1;
Radegast 12°;Česká republika;8;Samuel Adams Boston Lager;Spojené státy;1;
Radegast 12° Ryze hořká;Česká republika;2;San Miguel Especial (Int. Premium Lager);Španělsko;1;
Radegast 12° Temně hořký;Česká republika;1;Seth&Riley's Garage taste Lemon;Ukrajina;1;
Radegast 15° Extra hořká;Česká republika;2;Sever 12° Ležák;Česká republika;1;
Radegast 15° Hutná;Česká republika;3;Sever Anděl 13°;Česká republika;1;
Radegast Rog IPA;Česká republika;1;Sever Borůvka 10°;Česká republika;1;
Rastiger Pils;Polsko;1;Sever Démon 12°;Česká republika;1;
Rastinger 0% Grapefruit;Česká republika;1;Sever Devítka;Česká republika;1;
Rastinger 0% Lemon;Česká republika;1;Sever Grepáč 11°;Česká republika;2;
Rastinger Alkohol Free Beer;Česká republika;1;Sever Václav 11°;Česká republika;1;
Rastinger Lager 6%;Česká republika;1;Sever weizen;Česká republika;1;
Rastinger světlé 7% alc.;Česká republika;1;Severské Borůvkové výčepní 9°;Česká republika;1;
Rastinger světlé výčepní;Česká republika;2;Severské Hořké výčepní 9°;Česká republika;1;
Ratsherrn Pilsener;Německo;1;Schlossbrauerei Au Auer Helles;Německo;2;
Ratskrone Premium Pilsener;Německo;1;Schwarzenberg 10°;Česká republika;1;
Raven 15° Orange Infused IPA;Česká republika;1;Sibeeria 10° Patronus;Česká republika;1;
Rebel 0% Nealko;Česká republika;1;Sibeeria 12° Fogtown;Česká republika;1;
Rebel 10°;Česká republika;2;Singha Lager Beer;Thajsko;1;
Rebel 11° Hořká;Česká republika;1;Smädný mních 10°;Slovensko;1;
Rebel 12°;Česká republika;1;Sněžka 12°;Česká republika;1;
Rebel 14° IPA;Česká republika;1;Sol;Mexiko;1;
Red Stripe;Jamajka;1;Soproni;Maďarsko;2;
Regent 10°;Česká republika;12;Soproni 1895;Maďarsko;2;
Regent 11°;Česká republika;2;Soproni Fekete Démon;Maďarsko;1;
Regent 12°;Česká republika;2;Spaten Münchner Hell;Německo;1;
Regent 13,9° Escobeer;Česká republika;1;Spitt;Česká republika;3;
Regent 13° Petr Vok;Česká republika;1;Staré Brno výčepní;Česká republika;2;
Regent 14° Prezident;Česká republika;1;Starij Melnik Svetloe;Ruská federace;1;
Regent Český granát 12°;Česká republika;1;Starobrno 10°;Česká republika;8;
Rechenberger Dunkel;Německo;1;Starobrno 11°;Česká republika;91;
Rechenberger Pils;Německo;1;Starobrno 11° Bitr;Česká republika;1;
Renzinger svijetlo;Chorvatsko;1;Starobrno 12° Červený ležák;Česká republika;13;
Rezek 11°;Česká republika;1;Starobrno 13° Adventní speciál;Česká republika;7;
Richtár Jakub 12°;Slovensko;2;Starobrno Craft APA;Česká republika;1;
Ringnes;Norsko;1;Starobrno Craft IPL;Česká republika;1;
Robert Doms Belgijckij;Ukrajina;1;Starobrno Craft RED;Česká republika;1;
Rohozec 0% Pomelo;Česká republika;1;Starobrno Zelené pivo;Česká republika;2;
Rohozec 10,5° X polotmavé;Česká republika;1;Staročech 0%;Česká republika;1;
Rohozec 10° Ypsilon;Česká republika;2;Staročech 0% Mango;Česká republika;2;
Rohozec 11° Cecilia bezlepkový ležák;Česká republika;1;Staročech 10°;Česká republika;99;
Rohozec 11° polotmavé;Česká republika;3;Staročech 12°;Česká republika;4;
Rohozec 11° Skalák;Česká republika;3;Staročech 12° Extra chmelený;Česká republika;2;
Rohozec 11° Skalák řezané;Česká republika;2;Staročech ležák polotmavý;Česká republika;3;
Rohozec 12° Skalák Premium;Česká republika;1;Staročech Polotmavý citron 0%;Česká republika;1;
Rohozec 13° Skalák;Česká republika;1;Staročech Pomelo & Grep;Česká republika;2;
Rohozec 13° Skalák tmavý;Česká republika;1;Staropilsen 10°;Česká republika;1;
Rožnov 12,9° Rothschild;Česká republika;2;Staropramen 0% Cool Bezový květ & Lemongrass;Česká republika;1;
Rožnov Silák 13°;Česká republika;1;Staropramen 0% Cool Malina a Borůvka;Česká republika;1;
Značka piva;Země původu;Počet;Značka piva;Země původu;Počet;
Staropramen 0% Nealko;Česká republika;2;Svijanský Vozka 0% Černý rybíz s limetou;Česká republika;1;
Staropramen 10°;Česká republika;1050;Svijany 10°;Česká republika;7;
Staropramen 10° Déčko;Česká republika;1;Svijany 11° 450;Česká republika;7;
Staropramen 11°;Česká republika;104;Svijany 11° Fanda;Česká republika;5;
Staropramen 11° Granát;Česká republika;2;Svijany 11° Máz;Česká republika;29;
Staropramen 11° Nepasterizované;Česká republika;2;Svijany 11° Šlik;Česká republika;1;
Staropramen 12°;Česká republika;13;Svijany 11° Šlik;Česká republika;1;
Staropramen 12° Extra chmelená;Česká republika;5;Svijany 12° Rytíř;Česká republika;1;
Staropramen 12° Nefiltrovaný ležák;Česká republika;3;Svijany 13° Kněžna;Česká republika;6;
Staropramen Cool Grep;Česká republika;7;Svijany 13° Kníže;Česká republika;1;
Staropramen Cool Jablko & Hruška;Česká republika;2;Svijany 13° Kvasničák;Česká republika;1;
Staropramen Cool Lemon;Česká republika;31;Svijany 15° Baron;Česká republika;1;
Staropramen Cool Nealko Grep;Česká republika;8;Swinemünder Edelquell;Polsko;1;
Staropramen Cool Tmavá švestka;Česká republika;1;Szezupak IPA 6,5%;Polsko;1;
Staropramen Cool Višeň a Limetka;Česká republika;3;Šariš 10°;Slovensko;5;
Staropramen Černá Barbora;Česká republika;1;Šariš 11° Tmavý;Slovensko;1;
Starý Hrad 14° světlé;Česká republika;1;Šariš 12°;Slovensko;1;
Starý Hrad 14° tmavé;Česká republika;1;Šibeničák 12°;Česká republika;1;
Starý Krumlov;Česká republika;1;Švihadlo 11° ALE;Česká republika;2;
Steam Brew Imperial Stout;Německo;1;Tambor 12° R. A. Dvorský;Česká republika;1;
Steiger 10°;Slovensko;1;Tambor 12° Vídeňský ležák;Česká republika;1;
Steiger 11° Tmavé;Slovensko;1;Tambor 14° Klazar;Česká republika;1;
Steiger 12°;Slovensko;1;Tatra Jasne Pełne;Polsko;2;
Stella Artois;Belgie;10;Tatra Mocne;Polsko;1;
Stella Artois NA;Belgie;1;Teapa lui Vlad;Rumunsko;1;
Stephans Bräu Hefeweizen;Německo;1;Thrills Hanging out 11°;Česká republika;1;
Stephans Bräu Premium Lager;Německo;1;Tiger Beer;Singapur;1;
Stephans Bräu Premium Pilsener;Německo;1;Timişoreana;Rumunsko;1;
Stephans Bräu Radler;Německo;1;Točená 10° (Kladno Kročehlavy);Česká republika;2;
Stephans Bräu Schwarzbier;Německo;1;Tomislav Tamno Pivo;Chorvatsko;1;
Sternburg Export;Německo;1;Topvar 10°;Slovensko;2;
Sternquell Bockbier;Německo;1;Továrna 10° Továrenská;Česká republika;1;
Sternquell Natur Radler;Německo;1;Továrna 12° Salzberg;Česká republika;1;
Stiegl Goldbräu;Rakousko;1;Továrna 15° Protektor IPA;Česká republika;1;
Strelka výčepní 4,3%;Česká republika;5;Trautenberk 13° polotmavá;Česká republika;1;
Suchdolský Jeník 12°;Česká republika;1;Trilobit 10° Berliner Weiße Maracuja;Česká republika;1;
Sušičák 10°;Česká republika;1;Trilobit 10° Sněhová vločka Oatmeal Ale;Česká republika;1;
Sušičák 11° Pšeničné;Česká republika;1;Trilobit 12°;Česká republika;1;
Sušičák 12° Nuželický ležák;Česká republika;1;Trilobit 14° černá;Česká republika;1;
Sušičák 16° Bock;Česká republika;1;Trilobit 14° Mina IPA;Česká republika;1;
Sv. Florian tmavý uzený speciál 13°;Česká republika;2;Tropik Ale 4,3%;Česká republika;1;
Sv. Norbert 10° Session Hazy IPA;Česká republika;1;Tři sestry sváteční ležák;Česká republika;1;
Sv.Norbert 13°;Česká republika;1;Tsingtao Lager;Čína;2;
Sv.Norbert 13° polotmavý;Česká republika;1;Tuborg Classic;Dánsko;5;
Sv.Norbert 13° pšeničný;Česká republika;1;Tupadelská 11%, světlý ležák;Česká republika;1;
Sv.Norbert 14° tmavé;Česká republika;1;Tupadelská 12%, tmavý ležák;Česká republika;1;
Svatováclavský pivovar 10° Vašek;Česká republika;1;Tupadelská 13%, světlý ležák;Česká republika;1;
Svatováclavský pivovar 12°;Česká republika;1;Tyskie;Polsko;9;
Svatováclavský pivovar 13? Višňové pivo;Česká republika;1;Tyskie Gronie;Polsko;4;
Svatováclavský pivovar 13° Hefe-Weizen;Česká republika;1;Tyskie Klasyczne;Polsko;4;
Svatováclavský pivovar 13° Tmavé pivo pana Bruna;Česká republika;2;U Bizona Čižice 11° Vzteklá Zmije;Česká republika;1;
Svatováclavský pivovar 13° zelené;Česká republika;1;U Bizona Čižice 13° Žíznivý medvěd;Česká republika;1;
Svatý Florian 11°;Česká republika;1;U bizona Čižice 14° Straka Magpie IPA;Česká republika;1;
Svatý Florian 11° Tmavý;Česká republika;3;U bizonona Čižice 10° Liška;Česká republika;1;
Svatý Florian 14° Rubínový speciál;Česká republika;2;U Medvídků 13° Oldgott;Česká republika;1;
Svijanská 11° Trumpetka;Česká republika;1;U Orloje 11° Žatecký Samec;Česká republika;2;
Svijanská Trumpetka;Česká republika;3;U Orloje 12° Sičák;Česká republika;1;
Svijanský Fanda 11° 0,3L;Česká republika;1;U Stočesů 10° světlá;Česká republika;2;
Značka piva;Země původu;Počet;Značka piva;Země původu;Počet;
U Stočesů 11° Stočeská;Česká republika;3;Votrok 11°;Česká republika;1;
U Stočesů 12° Řepiš Polotmavý;Česká republika;2;Vratislav 11°;Česká republika;3;
U Stočesů 14° Nakuřovaný speciál;Česká republika;2;Vukovarsko domaće pivo;Chorvatsko;1;
U Stočesů Stočeský grep;Česká republika;1;Vysoký Chlumec 10° Princ Max X;Česká republika;2;
U Tří růží - Vídeňské červené;Česká republika;1;Vysoký Chlumec 13° Masopustní speciál;Česká republika;3;
U Tří růží 10° Výroční;Česká republika;1;Warka;Polsko;2;
U Tří růží 13,5° Tmavý speciál;Česká republika;1;Warka Radler;Polsko;1;
Uherský Brod (Janáček) 11° Patriot;Česká republika;1;Warka Strong;Polsko;1;
Uiltje bird of prey;Nizozemsko;1;Warka Strong Dwuslodowy;Polsko;1;
Uiltje ff lekker;Nizozemsko;1;Warsteiner;Německo;1;
Únětické pivo 10,7°;Česká republika;3;Watzke Pils;Německo;1;
Únětické pivo 10° Nefiltrované;Česká republika;1;Weihenstephaner Hefe Weissbier;Německo;2;
Únětické pivo 10° Světlé;Česká republika;2;Weltenburger Kloster Anno 1050;Německo;1;
Únětické pivo 12° Světlé;Česká republika;1;Wernesgrüner Pils;Německo;1;
Union Lager;Slovinsko;1;Westmalle Dubbel;Belgie;1;
Ur-Krostitzer Feinherbes Pilsner;Německo;1;Westmalle Tripel;Belgie;1;
Urpiner 10°;Slovensko;7;Wieselburger Gold;Rakousko;1;
Urpiner 11° Kaprál polotmavé;Slovensko;1;Windhoek Lager;Namibie;1;
Urpiner 13° IPL;Slovensko;2;Wooden Hand Cornish Steam Lager;Spojené království;1;
Urpiner 16° Exkluzívny ležiak svetlý;Slovensko;1;Wychwood Hobgoblin;Spojené království;1;
Ursus;Rumunsko;8;Yugoslavia Pilsner;Srbsko;1;
Ursus Black;Rumunsko;2;Zaganu Blonda;Rumunsko;1;
Ursus Cool;Rumunsko;1;Záhora 12° Vanilla Rauch;Česká republika;1;
Vagabund 11° Red ALE;Česká republika;1;Zähringer Premium;Německo;1;
Vagabund 16° Tropical Steam Kveik;Česká republika;1;Zakarpatske svetle;Ukrajina;1;
Vagabung 14° Stoud Šalvěj;Česká republika;1;Zbraslavska Koza 11°;Česká republika;1;
Valeč 8° Eris;Česká republika;1;Zbraslavská Koza 12° Ležák;Česká republika;1;
Van Pur Beer;Polsko;1;Zbraslavská Koza 13° Ale;Česká republika;1;
Van Pur Non Alcoholic;Polsko;1;Zbraslavská Koza 8° Letní Meé;Česká republika;1;
Varga Brothers 11° Day Tripper;Česká republika;1;Ze Sklepa hořká 12;Česká republika;2;
Varga Brothers 11° Ležák My Fair;Česká republika;1;Zichovec 10° Krahulík;Česká republika;3;
Veltins;Německo;2;Zichovec 11° Goose APA;Česká republika;1;
Velvet;Česká republika;2;Zichovec 11° Krahulík;Česká republika;3;
Veselá vdova 16°;Slovensko;1;Zichovec 12° Bayern Weisse;Česká republika;1;
Vilém 11°;Česká republika;1;Zichovec 12° Čestmír;Česká republika;1;
Vinohradský pivovar 10° Seaman Gose;Česká republika;1;Zichovec 12° Euphoria Nelson Sauvin Lager;Česká republika;1;
Vinohradský pivovar 11°;Česká republika;1;Zichovec 12° Fresh harmonie;Česká republika;1;
Vinohradský pivovar 12°;Česká republika;2;Zichovec 12° Krahulík;Česká republika;1;
Vinohradský pivovar 13° Jantar;Česká republika;1;Zichovec 12° Mango Passion Fruit ALE;Česká republika;1;
Vinohradský pivovar 9° Káranská;Česká republika;1;Zichovec 12° Mosaic APA;Česká republika;1;
Višnové pivo 12°;Česká republika;1;Zichovec 12° Robin APA;Česká republika;1;
Vojanův Dvůr 12° Malostranský ležák;Česká republika;1;Zichovec 12° Sour Passion Fruit;Česká republika;1;
Vojanův Dvůr 13° Rubínuv speciál;Česká republika;1;Zichovec 12° Upside Down Session NEIPA;Česká republika;1;
Vojanův Dvůr 14° Černý havran;Česká republika;1;Zichovec 13° Husa;Česká republika;1;
Volba sládků Poutní;Česká republika;1;Zichovec 14° Strawberry Daiquiri Sour Ale;Česká republika;1;
Volfas Engelman Australian Pale Ale;Litva;1;Zichovec 15° Juicy Lucy NEIPA;Česká republika;2;
Volfas Engelman Blanc;Litva;1;Zichovec 17° Apricot Milk Power;Česká republika;1;
Volfas Engelman IPA;Litva;1;Zichovec 17° Love is in the air;Česká republika;1;
Volfas Engelman Kriek;Litva;1;Zichovec 6° Drink and Oops Table Passion Fruit Sour Ale;Česká republika;1;
Volt 10° Dynamo;Česká republika;1;Zichovec 8° Malá Neipa;Česká republika;1;
Volt 11° Adaptér APA;Česká republika;1;Zíchovec 8° Malý ležák;Česká republika;2;
Volt 11° Jiskra;Česká republika;1;Zipfer Pils;Rakousko;3;
Volt 13° Protinožec Australian Pale Ale;Česká republika;1;Zirndorfer Kellerbier;Německo;1;
Volt 15° Baterka IPA;Česká republika;1;Zirndorfer Landbier;Německo;1;
Volt 15° Elektra;Česká republika;1;Zlatá Koruna ležák;Česká republika;1;
Volt 18° Zkrat Double IPA;Česká republika;1;Zlatopramen 0% N·A;Česká republika;1;
Volt 20° Impuls Imperial Stout;Česká republika;2;Zlatopramen 10°;Česká republika;460;
Volt 6° Převodník;Česká republika;1;Zlatopramen 11°;Česká republika;1497;
Značka piva;Země původu;Počet;Značka piva;Země původu;Počet;
Zlatopramen Radler 0% Brusinka & Rybíz;Česká republika;4;;;;
Zlatopramen Radler 0% Citrón, bezový květ a máta;Česká republika;1;;;;
Zlatopramen Radler Citrón;Česká republika;2;;;;
Zlatopramen Radler Grapefruit;Česká republika;3;;;;
Zlatopramen Radler Mandarinka, Jasmín;Česká republika;17;;;;
Zlatopramen Radler Pomeranč a zázvor;Česká republika;1;;;;
Zlatopramen Radler Tmavá višeň;Česká republika;2;;;;
Zlatovar 10° Axman;Česká republika;7;;;;
Zlatý Bažant ´73;Slovensko;1;;;;
Zlatý Bažant 10°;Slovensko;20;;;;
Zlatý Bažant 11°;Slovensko;5;;;;
Zlatý Bažant 12°;Slovensko;18;;;;
Zlatý Bažant Radler Citron;Slovensko;3;;;;
Zlatý Bažant Radler Grapefruit;Slovensko;4;;;;
Zlatý Bažant Tmavý;Slovensko;1;;;;
Zloty Pies Amstaff Pinacolada Double IPA;Polsko;1;;;;
Złoty Pies Bokser Lager;Polsko;1;;;;
Złoty Pies Bokser Lager;Polsko;1;;;;
Zloty Pies Briard Brown ALE;Polsko;1;;;;
Złoty Pies Golden Weizen;Polsko;1;;;;
Złoty Pies Pit Bull IPA;Polsko;1;;;;
Zloty Pies Sznaucer APA Lewenda;Česká republika;1;;;;
ZLoun 10°;Česká republika;1;;;;
ZLoun 11° Jantar;Česká republika;1;;;;
ZLoun 12° Tvrďák;Česká republika;1;;;;
Zrzavá veverka 12°;Česká republika;1;;;;
Zrzavá veverka Eva 12° APA;Česká republika;1;;;;
Żubr;Polsko;4;;;;
Zubr 10°;Česká republika;246;;;;
Zubr 11°;Česká republika;5;;;;
Zubr 11° Grand;Česká republika;8;;;;
Żubr Szlachetny Mocny;Polsko;1;;;;
Zuby koně 12°;Česká republika;1;;;;
Zundert Trappist;Belgie;1;;;;
Zwierzynieckie jasne;Polsko;1;;;;
Żywiec;Polsko;2;;;;
Żywiec APA;Polsko;1;;;;
Żywiec Bezalkoholowe;Polsko;1;;;;
Żywiec Białe;Polsko;1;;;;
Żywiec Premium ;Polsko;1;;;;
Žatec 10° Plavčík;Česká republika;2;;;;
Žatec 11° Celia;Česká republika;1;;;;
Žatec 11° Premium;Česká republika;3;;;;
Žatec 12° Export;Česká republika;1;;;;
Žatec 12° Extra hořký ležák;Česká republika;1;;;;
Žatec 13° Baronka Premium;Česká republika;1;;;;
Žatec 13° Sedmý schod;Česká republika;2;;;;
Žatec 14° Dark;Česká republika;1;;;;
Želiv 12° Haštal;Česká republika;1;;;;
Želiv 12° Haštal Tmavý;Česká republika;1;;;;
Žigulevskoe Vysšij sort;Ruská federace;1;;;;
Žiguli Lager;Ruská federace;1;;;;
Žiwell Jedenástka 11° svetlý ležiak;Slovensko;3;;;;
Žltý kabát;Slovensko;1;;;;
Stav k 10.4.2025                                    Počet značek 1330 ze 47 zemí;;;;;;
;;;;;;
;;;;;;
;;;;;;
